audio_energy_mean,audio_energy_std,audio_energy_max,has_audio,Id
0.0389227531850338,0.02073514275252819,0.13391762971878052,True,da01e9afbcf4836c88a4d060386e341d
0.15723808109760284,0.03584428131580353,0.23602724075317383,True,253caa5ee131bfedced54c13a1427865
0.1308019608259201,0.03326255455613136,0.20909905433654785,True,c864769d8830eec5086485617551c9b7
0.06997939199209213,0.06260934472084045,0.23082347214221954,True,0f58d7dd8c091efbf9fe2dc87071c596
0.010899011045694351,0.003344915108755231,0.020119890570640564,True,9170806bfb6e28678bd9bdad3a19f8b6
0.06085162237286568,0.03738098591566086,0.23851238191127777,True,830729bc411b1b74758cf226833e8583
0.061398696154356,0.027949338778853416,0.14806117117404938,True,263c5a1dee9857256d57ab7bb35f010a
0.040884047746658325,0.012042060494422913,0.07728370279073715,True,8535125ce5de478e13a7542562a3e855
0.15625447034835815,0.05589260160923004,0.2995404303073883,True,7780d8c5cdad9ea71f1c499c402df892
0.04146043211221695,0.03415076062083244,0.15266571938991547,True,28d7e44e65208b54ce3938f687e13574
0.18467354774475098,0.05768294632434845,0.3203868865966797,True,b2025c81a1eb5976bc5dce8f85f540bc
0.04504483565688133,0.03656831383705139,0.22552213072776794,True,ea9dfc2d66d214d40f11ba553ed2458b
0.05105143040418625,0.01982291229069233,0.16502827405929565,True,ada917c47bc8868274f465d8daf8b6ab
0.056966330856084824,0.06604350358247757,0.23726285994052887,True,068c248e990e437a5f3d3243825f52f8
0.007756667677313089,0.011538746766746044,0.05053054913878441,True,7dd23c554fefe4a731b3a39be5279995
0.08851447701454163,0.04228830710053444,0.22025543451309204,True,6aa744b0d33d0fd424a17ea7557b6c93
0.07276913523674011,0.03204476833343506,0.14549437165260315,True,0a1db73162fa1345d63d966981a0fb40
0.02495034784078598,0.010385101661086082,0.0589161217212677,True,d7615bef272f11cca0741cf6820b2011
0.13056787848472595,0.06902480125427246,0.48833388090133667,True,0cb2aba6151b657e02b00a02b0c18040
0.1412549614906311,0.07874234765768051,0.3611815273761749,True,7c8e787c7dcef778ffe650f68aabc2e7
0.025159290060400963,0.010472076945006847,0.05126502737402916,True,1f337434198bf38248989ba187fc342b
0.20138810575008392,0.0640459954738617,0.34890076518058777,True,03df0b69a4b2ea64db13b69ffe1f9eeb
0.09503091871738434,0.04924590885639191,0.21581287682056427,True,9e453507706c55e7c6a0005de4f3b41d
0.06427323073148727,0.03325239568948746,0.15415270626544952,True,c95e50505e07b83f96a50edc60224917
0.06169871613383293,0.026425940915942192,0.14572471380233765,True,82314da9a190df64090183cd5ef25a06
0.003357734763994813,0.0008685216889716685,0.008299151435494423,True,ac210dfc6d401e3fb76a1310d74beab1
0.08080758899450302,0.03206032142043114,0.15212900936603546,True,71e9cba8f0e5b200dc065398919d317e
0.030766243115067482,0.030922817066311836,0.14702187478542328,True,a28787e47e1ed6803a4302967e887498
0.23582904040813446,0.04456867277622223,0.3720540404319763,True,333ad2d25fe3b3dc7eed0680bdff61e5
0.08021552860736847,0.04152807965874672,0.17652127146720886,True,999f5dd0c31d9b0d1a773751e655c2e0
0.15011616051197052,0.04529103264212608,0.2707095146179199,True,ab2d242d1898b4f39d9bf17982175cdb
0.11647848784923553,0.05375492945313454,0.25070735812187195,True,1613923d5cba1c1ab097b05606a76dbb
0.14823852479457855,0.043737929314374924,0.2656984031200409,True,1aa1597e5c951067b9af69ff5fc92062
0.04645197093486786,0.03386417776346207,0.13424092531204224,True,b4b1b88e515ed8b0569762a64d809dc6
0.054461680352687836,0.015426291152834892,0.12082468718290329,True,349ddc98a7636b3519416515ade77385
0.05521492287516594,0.056217364966869354,0.19877108931541443,True,22f7ee846f11a2074f594325c8982f95
0.19158539175987244,0.033838849514722824,0.2403450757265091,True,1423799e9e6294a48cbdf173a0640ad0
0.14909003674983978,0.03544781729578972,0.2795000374317169,True,9012e7e68799c8bace7087326a77872e
0.1362089067697525,0.042038604617118835,0.2460542470216751,True,949cff66d2d5db1d5ef373bd7c07276b
0.15053634345531464,0.07680467516183853,0.36530888080596924,True,4fe14f939e9bc67067927f57f297e5ea
0.06609132140874863,0.03158283978700638,0.18027862906455994,True,7df4d3c1916ec212d07b22ddde9e473b
0.005563357379287481,0.009537501260638237,0.0840601995587349,True,2fee3eeb8556b185174cf1c0b19636c8
0.0008564712479710579,0.0014831307344138622,0.009844471700489521,True,fc61c9a6e8e6f2f7fcb401cb89f09aaa
0.03964908793568611,0.03150481730699539,0.2601923942565918,True,055961570c7343b6a76682397f360143
0.1439293622970581,0.068489208817482,0.31759071350097656,True,34821243901591e05e43a2f234a244a4
0.0723000168800354,0.04092627391219139,0.19696162641048431,True,d37db687d2858b8c163f4849a4b6d4df
0.035521313548088074,0.02423875592648983,0.12440000474452972,True,fceabf3d4fb7dbd4317ef61e03072cbf
0.33601394295692444,0.05028346925973892,0.43995243310928345,True,bc952c6d9ed7160210e530e5e215026f
0.2488103061914444,0.049436260014772415,0.3819863200187683,True,d5cba37901072a14799933f3288072a2
0.08504613488912582,0.04551583155989647,0.21993917226791382,True,5bb7db092bb7021bf1f3414741dbb788
0.13710929453372955,0.05737616866827011,0.26592889428138733,True,6717261010dbc87c83b216f1a38a10c4
0.130887970328331,0.047294732183218,0.22221553325653076,True,62c7c08c9e4f4a8e1a8a333fa64efbf0
0.11443199962377548,0.070341095328331,0.2826922535896301,True,dcba7d2d5d13a36a3a5d992b80fe3254
0.05502147227525711,0.03824380040168762,0.19197934865951538,True,9c55ec42b0d332dc7657ac8119b294e0
0.027298463508486748,0.008010908029973507,0.05422208458185196,True,e2dc7ad423d31c5a49d6133c16a17228
0.12664639949798584,0.09274391829967499,0.3705567717552185,True,dba953aa828c3f754bfbe259b2259270
0.06886951625347137,0.03852519765496254,0.18588997423648834,True,5dcb1bede0cc3c49dbcab2b582e258b6
0.08016829937696457,0.07732246816158295,0.305427223443985,True,375aadfc13fd9bf8a1053f5136ff4ea1
0.004241344053298235,0.0009400357375852764,0.005371470935642719,True,e0c91eac4bcba226536c257f7fcabede
0.005757511127740145,0.00794554315507412,0.05145524442195892,True,5d1087c1adaecd96ff7a166233b20b74
0.1003921702504158,0.055502407252788544,0.2530713677406311,True,f2530e653899d91461b757e8da228cec
0.13805405795574188,0.06400590389966965,0.2796945869922638,True,cad6275f5216b9e14559bc37315795d1
0.013688269071280956,0.011747216805815697,0.06913037598133087,True,e9015bfd83f0e8d58adbfd048db24ab4
0.10423711687326431,0.04654315486550331,0.2483994960784912,True,2561f6870519a074f3c65c13bd51cbf2
0.08532281965017319,0.038200438022613525,0.21816769242286682,True,7fd577e68a62cb3cab5f69608706d7ab
0.16276179254055023,0.06311959773302078,0.3743942379951477,True,074a2f4767404e378d562d2436795460
0.0608944371342659,0.057841960340738297,0.2826078534126282,True,782f9415a5fa5f7c085821b121900ebf
0.07527349889278412,0.04521647468209267,0.2548784017562866,True,edf2c5cfa6dabe9192751ed99c8e7cf2
0.1514207124710083,0.055481016635894775,0.300710529088974,True,f77452b0c0321c51c937dde234718e05
0.10137651115655899,0.07022956758737564,0.3151446282863617,True,6b55eb7fcc0d75b6c9d721c78918c366
0.13242438435554504,0.08313925564289093,0.2977936565876007,True,3865b3b6ae0ede5cb7235e4633a3a82e
0.06222626194357872,0.06624350696802139,0.2816332280635834,True,c7255b3c88df50b65ca8f41d8d3e1764
0.011458144523203373,0.002998631913214922,0.021983973681926727,True,6d3f419d87319f164467c70f66e798d0
0.07556460052728653,0.054888851940631866,0.22023722529411316,True,c297a5dd0e096a3ccc4b6e0b646badca
0.014005577191710472,0.01235293596982956,0.06784696131944656,True,afcbb51205de49eba078b02390a39cc6
0.014108847826719284,0.014297310262918472,0.0684623196721077,True,26fe1fabab51618b35cecd3f10ce7671
0.07960506528615952,0.07041551917791367,0.2482231855392456,True,e9936f652df3c80b574fdd326a91c01f
0.12549565732479095,0.05296701937913895,0.23475873470306396,True,061bbcb644050dad94d98a320d837c45
0.22276493906974792,0.10367366671562195,0.4372519254684448,True,1ba6be32cffe5bae7a858f6f8312140a
0.05826472491025925,0.04907407611608505,0.22700689733028412,True,55fe28c19dbf99e71ce5548b7e6a5a9f
0.027096766978502274,0.007910850457847118,0.06478629261255264,True,39e23927c0acb726e712e443d7b637b2
0.045172639191150665,0.03913123533129692,0.1857118308544159,True,a38e5f11179c1a3f38fc58f257283352
0.1202857717871666,0.03083406761288643,0.18827097117900848,True,51ea72a8144441f81c850c1dfb05d78b
0.0009069358929991722,0.0014722468331456184,0.01079241931438446,True,874c39ab47897cbeb45c72489266846e
0.2155180722475052,0.046184077858924866,0.33126115798950195,True,bb61a36e8f9ee0968ec732739a7f8a12
0.13062050938606262,0.04212480038404465,0.2446833699941635,True,ef2c01b3640a43c6bdbfaf95bc335f7b
0.07970111817121506,0.04533691704273224,0.20260611176490784,True,0d513460ef62fa2cbcc682ad9973a57a
0.0818735659122467,0.05285510793328285,0.255287766456604,True,c8ea3b9f7837b3ea159116fa2cf09ea0
0.06199083477258682,0.032389841973781586,0.1784563511610031,True,f1cd69441844bf47ff2203402de16a49
0.19901561737060547,0.04816853627562523,0.29241684079170227,True,42c629a665d0d1d2ff1e7da07ddf3ef0
0.06662168353796005,0.022599415853619576,0.10513661801815033,True,0dd35b83d91408ccb2c1a5c95fd4dbb1
0.18776844441890717,0.03755108639597893,0.24072714149951935,True,4b5f3f06ea696d61e510e15bee846d10
0.019166145473718643,0.01829824410378933,0.10954926908016205,True,fd23cc5fbeb522e64073a34f45e646ef
0.04166899994015694,0.046696729958057404,0.21593867242336273,True,f1b38dc04d3a929a584512f024003fb0
0.0008858229266479611,0.0004794298729393631,0.003711465746164322,True,013a2f2d6842cbe9febf810a6d44646c
0.00703093409538269,0.020497014746069908,0.14587782323360443,True,53a53a1e60eac8c83d91675debcc4da0
0.007731076795607805,0.009258460253477097,0.04389508068561554,True,18e81f5df89d3a04964cde90bfb473e6
0.1985006332397461,0.08591759949922562,0.3957327604293823,True,489aa9b5123172e1142efa5624537fd2
0.07721296697854996,0.051644034683704376,0.30943113565444946,True,192d84864cd21e661496c79e46d410d0
0.002702830359339714,0.002124237595126033,0.013105394318699837,True,11262ba6111793b2af507249dd607ea3
0.12326107919216156,0.06268911808729172,0.26758697628974915,True,2326952e55c7fb065a02de92a1d2092e
0.13512064516544342,0.043429963290691376,0.252968966960907,True,ae49fffaf4870a40856f8161d33d5f07
0.1717127412557602,0.0440070815384388,0.30263471603393555,True,dfc0f996c23df86009b7ec7a23f05522
0.030401861295104027,0.03357355296611786,0.20555058121681213,True,bea736e7f7df43560666bfe7e86e95fe
0.04484963417053223,0.020425481721758842,0.19133521616458893,True,1309433514b639da69214d276f3e7699
0.07903672009706497,0.05523994565010071,0.2589358985424042,True,d7b8a40af2a87f0016f8568a73e3007c
0.00837820116430521,0.0053927479311823845,0.05095537751913071,True,44af8e5300e5a91c7c285dcf659fb37a
0.07984869182109833,0.04546031355857849,0.22706951200962067,True,de4a310e56190d34a47f16a2b6f12fb1
0.24283508956432343,0.14582963287830353,0.59637051820755,True,7da59d3a3da0c53ed8d2cc7c972f8948
0.1622878909111023,0.06735359132289886,0.2626659572124481,True,be27b6e2830e821b2ba02ff8c250ef50
0.23440860211849213,0.029510032385587692,0.30799365043640137,True,ce71d7edec41e708d273b419979f11e6
0.08955472707748413,0.053866200149059296,0.2844892740249634,True,918b62ec42d880b6aa9efbc59550ffa0
0.02510880120098591,0.017102394253015518,0.09213932603597641,True,3bdfac5a9b5bdcc13ec0d3411ef0fb47
0.050466567277908325,0.03302566334605217,0.2683393955230713,True,8fd7c61637bc0ae0d7f811b5338794cd
0.02942933700978756,0.016774306073784828,0.08160313218832016,True,9466b14958d8dc25b3af1cd6b0bf9c29
0.13152450323104858,0.06280745565891266,0.3067954182624817,True,7619aec05016b0d6cba693324fcb4f13
0.10339270532131195,0.026972679421305656,0.17650313675403595,True,dca73fd98d0072ac5ca300c3edc7cfb8
0.0334014855325222,0.056618303060531616,0.24287572503089905,True,eb2dbbf2f8dc3916e5af42a27a7a5f38
0.038621146231889725,0.016476837918162346,0.08700775355100632,True,aee17cb16389c07a4fcd2367821446ab
0.10091912001371384,0.057006970047950745,0.25664809346199036,True,c04444799634a22513de36af78a0f571
0.06928814947605133,0.04183552414178848,0.1821727603673935,True,a7cd47d37153413eaf8248f9054595c0
0.11504064500331879,0.05143832415342331,0.26362505555152893,True,9275a9e197f7ebe8e6799220dcba0d17
0.07885877788066864,0.07408067584037781,0.3383776545524597,True,feee0b164294b273f73af192a4bf9803
0.07221811264753342,0.07174685597419739,0.31889644265174866,True,6d0af2f18cedd67cb005699785ce3926
0.010874232277274132,0.014610262587666512,0.13695527613162994,True,01ecaf7909c80575c70927a45f70e045
0.04085420444607735,0.008147252723574638,0.0754091665148735,True,1f37afab3659982e33a87c4b30f9d011
0.08616777509450912,0.028448762372136116,0.1864352524280548,True,3a695f5b2c3aaf563327a35c12e55d27
0.2442210614681244,0.08412089198827744,0.44332465529441833,True,257822757a1ad37004daf8e2330d7730
0.10491261631250381,0.03692327439785004,0.18092720210552216,True,9d65922cbae32d9af9eea08b7265f5b7
0.19852447509765625,0.04507552832365036,0.27888286113739014,True,5d123867eb6949cf266c5bf0d79db75b
0.04662073776125908,0.05588163062930107,0.2180037498474121,True,059352f2b4850f5631ae0c84277a797d
0.010502107441425323,0.004721313249319792,0.028146348893642426,True,d1f7bc6dfbbbfcc126cbc2108ee93d3d
0.10303249210119247,0.0570894256234169,0.27711454033851624,True,a43c43d66f58542ce527681690a2e56c
0.07758520543575287,0.047325920313596725,0.2891848087310791,True,6b03898bf7fb90dea4d186d96a98f042
0.005854754708707333,0.005396454595029354,0.0426459014415741,True,ae4e2b727059bdf2b690d9e3faad2477
0.039664603769779205,0.04703598842024803,0.20777663588523865,True,76c4a5624e98db92399490434753074d
0.09170648455619812,0.03486181050539017,0.1708933413028717,True,831b8ac22cab6481a140a5582a7140ac
0.025639697909355164,0.005980223882943392,0.042042143642902374,True,975e43218d4062765a4b664ad6575eb8
0.09698576480150223,0.046902235597372055,0.255520761013031,True,c99a729a27cbfeef7943a9c4750568b4
0.08548182249069214,0.0693788081407547,0.32746145129203796,True,fea724c00283ca07c69756f7f76dd8bf
0.23215757310390472,0.08161543309688568,0.37768664956092834,True,23f169dbce947da2ac673e317f848167
0.0677688792347908,0.03501143679022789,0.2900000214576721,True,3bc414f4e10c13872b2e761c6176b898
0.1002488061785698,0.03803986683487892,0.2137417495250702,True,156333b298f83fe030346863e3bdc511
0.13743609189987183,0.0465717539191246,0.25152698159217834,True,07e098fb8fb0d53a7964c9a2aeaf2a27
0.040338050574064255,0.034635722637176514,0.16365689039230347,True,e38a5ee60f53859ca9d8289d4fff8c8d
0.16448745131492615,0.059360772371292114,0.3091675937175751,True,509d91e57857ab9d1b715f44c015fc68
0.06834051758050919,0.018483132123947144,0.1276647448539734,True,1888ac8adf34147c8775eb44de1e3f11
0.028925403952598572,0.030445996671915054,0.15968084335327148,True,03c99df1c04b6ca77a69146a64c2c037
0.05226734280586243,0.014943692833185196,0.09448613226413727,True,c11f5f3817509d30f36b312ef558b8d4
0.3105471730232239,0.18145816028118134,0.5869759917259216,True,9b104c7f36989fb1816a3112d372ac55
0.0933866798877716,0.06603793054819107,0.2700221538543701,True,dad277855887c9d8167edd834b5be1af
0.0447905994951725,0.03487421199679375,0.1417538970708847,True,9c58cd6f944f2026f94be6fdeea0f61e
0.21590180695056915,0.0825013667345047,0.3524665832519531,True,7d22e2dd53863a8c3e2d1f741148ac3b
0.025088777765631676,0.011479794979095459,0.06290668249130249,True,cb9c6c76980da81154b89f4fcd151df1
0.08279810100793839,0.04966065287590027,0.23458541929721832,True,e64b80d14a9691bcf94877840b5cb714
0.17775577306747437,0.08742628991603851,0.4457073509693146,True,462d977e31db25d56ae49c67836e6f55
0.06043681129813194,0.03359847515821457,0.1955145299434662,True,cdcbd2b1d8d1f94e7a5333d56f3b7104
0.07524482160806656,0.05137594789266586,0.21842442452907562,True,3ff846d39f44f59215e031552b78005b
0.24325749278068542,0.05701540783047676,0.34433501958847046,True,bc668a63374e2975287ad7703414bd63
0.0655466690659523,0.04087056964635849,0.19502250850200653,True,5fd57c53ede9eb3e315a3cf1d0011966
0.17160664498806,0.05672402307391167,0.2908807694911957,True,07be3e0a7fc9a4393b58833a3aa2910c
0.10920456796884537,0.0893200933933258,0.24574674665927887,True,6a8680bc1e59096acb884a8bf36d4822
0.02727859653532505,0.02229895628988743,0.14621414244174957,True,a5bd157da72b4724bc4abc40fa43f7ce
0.2517250180244446,0.05125543475151062,0.4370379149913788,True,2e71529c6e23f908105f93d2ac136bfe
0.07539640367031097,0.0672728642821312,0.280009001493454,True,9e99bffcf1f35671bcb0ca9f2fc04f62
0.09269840270280838,0.07130110263824463,0.233492910861969,True,57faaef5fdd1d553a916ff179298f4dd
0.015565958805382252,0.017371604219079018,0.09071504324674606,True,4b1a9b8e62603069c2af09abb2ebfc70
0.12496217340230942,0.029171153903007507,0.20491455495357513,True,8c9029a7c73c7d88978ae3166a386fde
0.2929094433784485,0.0905776396393776,0.4732934832572937,True,1772121c4035b5babb8f8051414ef3b5
0.016012923792004585,0.01802353374660015,0.1436326503753662,True,ee9ddc3680160282be28b944d1b884c0
0.0057701533660292625,0.006273070815950632,0.036418553441762924,True,f6028c5007948c32d79332d1afde5d73
0.10722683370113373,0.03790976107120514,0.18915580213069916,True,75ea197f478ece7f1db10f59a549ba93
0.008437993936240673,0.0033044542651623487,0.01818065345287323,True,e70fc0673d3f6b479298032a714448db
0.03996014967560768,0.022478070110082626,0.08687438815832138,True,97a438cb879293d9e8318a4754dc6a30
0.13382486999034882,0.14175862073898315,0.681402862071991,True,ceb19662291105144261b7891c660cd4
0.10860452800989151,0.04816325381398201,0.22082145512104034,True,3994d33caa1c99c6d0927eb7509584b0
0.06119973585009575,0.02334994077682495,0.11460301280021667,True,c262634e416d7b916c4eeec14d95afdb
0.10731426626443863,0.05546478554606438,0.2727334499359131,True,88d66222606f60bed432de46a2f92d8a
0.29483169317245483,0.033040136098861694,0.38188061118125916,True,689460c663f1c27430adac7a0c5788c4
0.10462115705013275,0.0455862320959568,0.20625735819339752,True,0e186013afdbab4142f3316c05da3828
0.24107500910758972,0.04898746311664581,0.30626919865608215,True,4a9493a753f68d711dfc071861d0f3da
0.023962030187249184,0.01417385134845972,0.05934944376349449,True,7a4fb038ff0a4468ed05b1f8204f56d3
0.11428821086883545,0.045652344822883606,0.24167443811893463,True,81faceeb736d8af33dfecbac3fdbb58f
0.05727280303835869,0.02586516924202442,0.12981455028057098,True,37ae9ceebdf013eea9e423feac2e17be
0.028448941186070442,0.015676500275731087,0.0767606571316719,True,02bc008de4d3a71e64f383ed220a730a
0.04476300626993179,0.0469391793012619,0.24841582775115967,True,6e19a9d5e44f40f368e4f8cfee49f41a
0.15242497622966766,0.07539065182209015,0.3786640763282776,True,afc3f0fb8f2b0c88fea184e06dfe2064
0.022279398515820503,0.007667355705052614,0.055874381214380264,True,875c785ba4d46aad74d283b206821a79
0.12525588274002075,0.06568735837936401,0.28390759229660034,True,44c8f035ebe6282af6677f45672109a1
0.1167505532503128,0.05510518699884415,0.3337371349334717,True,a25386051feb79bdbcad619153466574
0.21426443755626678,0.039744339883327484,0.28595784306526184,True,e4f979a99b9f2c646a9f7537eedc6390
0.25650501251220703,0.07031729817390442,0.3984193205833435,True,be2d031058873657a8dab1bcfaf4f801
0.061608582735061646,0.05916249006986618,0.27784979343414307,True,aa4a219a234bf1643a2c313227d9fd35
0.14911730587482452,0.07498694956302643,0.36900463700294495,True,d159c05a9458fb45a0dd20c3f51f0c36
0.11054377257823944,0.042249634861946106,0.2237749993801117,True,b68299f4f372854cc2d656aef9503cac
0.03378929942846298,0.024302873760461807,0.1316726952791214,True,50a3bce498a9137e4d9d4e352a912629
0.0458548478782177,0.04986913129687309,0.23116180300712585,True,8e767cb1433d89002d2f293253a8dced
0.04254089668393135,0.011926545761525631,0.080197274684906,True,e113f0199be8229669124831b8c041ac
0.2455817461013794,0.08610498905181885,0.43448513746261597,True,a60c570f5c5c844470f10845973c0763
0.16340351104736328,0.11737746000289917,0.4500880837440491,True,bd6b481b27c2d9b7fdcf8c09698fa069
0.043033309280872345,0.034292642027139664,0.1502193808555603,True,18e354f3c3e6ec12ed4d67f084fb68c0
0.028693294152617455,0.016210125759243965,0.09748990833759308,True,fdcbacbb3570ef15dcedfae2a0f958e9
0.10964102298021317,0.06137724220752716,0.29711511731147766,True,2fe58ec60a8251d3530c25087d0ad7f1
0.005395377986133099,0.007644170429557562,0.05291154235601425,True,302a1c9309063e9048404c20d4373d8e
0.011919328942894936,0.01044053677469492,0.059232305735349655,True,981c716656d39832d6400fc6e533e865
0.13470672070980072,0.0706893801689148,0.30586373805999756,True,2e2671c5c9e6533e9d61916776c0b434
0.14525075256824493,0.04091968014836311,0.2099950611591339,True,913825b62312520bec6e4c64474a8380
0.14582204818725586,0.04417606070637703,0.2477346509695053,True,2132c7c558d1fa6fac7396bf28007437
0.15748341381549835,0.05524902045726776,0.3159216642379761,True,59099500ade2057a24bd5e86a00ab46a
0.19569239020347595,0.0779963806271553,0.38194093108177185,True,8414a27a2119de6a48ad7d92ca326140
0.053815580904483795,0.03723404183983803,0.15585872530937195,True,eebd04b92b067b4bd3c05c8c2c1f4dbb
0.02530369907617569,0.01819760352373123,0.09715879708528519,True,08a2fa2a1f1174f8cf9fb3d4c09cd769
0.06368982046842575,0.02654397301375866,0.1834484189748764,True,cca6e92896017d6adee6b4e3f25a5056
0.03634120896458626,0.018175868317484856,0.08339913189411163,True,05e02feb0d948ea733678ac5a9d0d7a5
0.01735428161919117,0.007960183545947075,0.042541250586509705,True,121949cb94260f16eeea562099033113
0.05272160470485687,0.05384555086493492,0.29554954171180725,True,78d3c78f10e1f6c467b6e68dbeaefe2c
0.08524474501609802,0.06258588284254074,0.25017473101615906,True,abfe1c64dbf2689d0cd3fc1d601cef95
0.055248014628887177,0.03751266375184059,0.2132752686738968,True,096b6a0bacb3b45589a9f429fd2a14e3
0.027629652991890907,0.038437265902757645,0.15876717865467072,True,a10ce9b67869c73bafeff82875dc0c1b
0.07695289701223373,0.059095825999975204,0.3053080439567566,True,a60c5a5cc8310073def8a1759ff57e10
0.026704048737883568,0.019225019961595535,0.06456296145915985,True,1ee7996741d330da6e7308a54d9284dc
0.08896864950656891,0.06540229171514511,0.2755208909511566,True,5930bd90bf5f6942c7ef243fca1c3432
0.01943948306143284,0.01413290947675705,0.09943908452987671,True,9ee3e825a1ea395ae4bc6d980a401b1b
0.08801613003015518,0.06932617723941803,0.3139146566390991,True,daaefe1b849afe0b3f92bb1a70c400fb
0.024907680228352547,0.03765011206269264,0.16211748123168945,True,30a439feda85b2f5f1cf10dea95167f1
0.06308010965585709,0.06737495213747025,0.25831466913223267,True,452b06a2dc36464ac941e47e82b27542
0.009263521060347557,0.005376498214900494,0.030697401612997055,True,c4f2c5a1542c6d4d1e99aeb7e33e3929
0.0029333021957427263,0.003756524296477437,0.022112278267741203,True,58b7e7e431cfd5788cef942d876ddf4a
0.06268521398305893,0.040986113250255585,0.2150004655122757,True,ac6ab90f0a8f588afa3cb6b27fd721cc
0.16450850665569305,0.1460408717393875,0.4771176278591156,True,0d7dca03a88745946fbcffd764f8b350
0.10785923153162003,0.04121032729744911,0.202261283993721,True,767ae6211762509bcc74154eed772fcb
0.20089051127433777,0.09838671237230301,0.3893868327140808,True,dcdbeeef129c95e0c10b1fc918bcc630
0.04726748168468475,0.02100660279393196,0.1093669906258583,True,6734739f4726f2f903b0d798b3ff13d5
0.014745057560503483,0.021137000992894173,0.0766371637582779,True,ccc8f5cbabaeac127326824919ada939
0.12261829525232315,0.06264477968215942,0.23635751008987427,True,4a652b7ed25f13206419fc7f775378ff
0.17571669816970825,0.07964220643043518,0.3685091733932495,True,1bdcc535db3c318c3ec74e203f267c08
0.014794002287089825,0.005152753554284573,0.05670576170086861,True,da9fbe5182ea5345b69e3e162027754d
0.08451022952795029,0.024576792493462563,0.1465623378753662,True,5ddec05eea049a751ca7d80349c18e0a
0.03559425100684166,0.01652657426893711,0.11028024554252625,True,c75bc1c3974b31b1cc1020c7f0b9b401
0.015348379500210285,0.00706110754981637,0.027395179495215416,True,520c425568780a0176f883accb7aac16
0.14292754232883453,0.06190277636051178,0.2944558560848236,True,937e012e768f7fd1de344a11269b0671
0.05683399736881256,0.0667971521615982,0.2349829524755478,True,5723c6c133f8e66a48d8f745bce2d7eb
0.12009468674659729,0.06399375200271606,0.2434939593076706,True,1a4e31aaf0fd2bc1e008b0d1b45b14d1
0.021451137959957123,0.014091035351157188,0.08175913989543915,True,bceebb8d6f1ebc8563fd0915d8dae8f4
0.2154422104358673,0.05637672170996666,0.33069363236427307,True,fa52656578d2614f0cd0ec5580c3746d
0.043665751814842224,0.019271839410066605,0.09922695904970169,True,55ca1c6565dab402777d0d820f84c8d9
0.0030761435627937317,0.0027962985914200544,0.02185562066733837,True,39feed91296f4fe4c700bc87237e12a7
0.02443811111152172,0.0073427725583314896,0.03845946490764618,True,2d847a04cc5035c35f776a357e522ab4
0.06960836797952652,0.04578198119997978,0.25634539127349854,True,246b080521b59730a45a56c8f13cca5a
0.05216904357075691,0.0513199046254158,0.17317797243595123,True,d6ce99a383f658d4c77592cdf6cd35ac
0.11303175985813141,0.044281668961048126,0.23013006150722504,True,5c4a168e9758f807e8688d34528aeada
0.14981073141098022,0.04684668034315109,0.33255767822265625,True,42c0d9bf05d646a4508a42ce91abe8cb
0.03027866594493389,0.025973908603191376,0.12637871503829956,True,d5bca104e7eeaf4aecf8976d168fd273
0.07923001796007156,0.04618276655673981,0.23863588273525238,True,68507aecc36734ceb4ae546f81543c05
0.05265671759843826,0.02656485326588154,0.14267314970493317,True,48c2168e4df56b8912458a60457962e2
0.14836642146110535,0.06929071247577667,0.3064402937889099,True,4f521f1b8382ac2ca969aa083086cd35
0.014986290596425533,0.013576893135905266,0.08861350268125534,True,2311a30b3ccec4e0c531deaa99283dfc
0.25830477476119995,0.08821661025285721,0.4105062782764435,True,4c2a8d57721cca8c92513fedb5012838
0.037218257784843445,0.016905400902032852,0.11714277416467667,True,3c6ba58850ac9ddbd8ebf9a8a2156327
0.006690653972327709,0.001666059484705329,0.010487910360097885,True,971f3bb908d4381d3173539caf98e43e
0.06491134315729141,0.03550301119685173,0.2460441142320633,True,1ae6d95e1f7dc08be649f4a18046f3a5
0.23721425235271454,0.09649476408958435,0.3951778709888458,True,b3d978dce745ac9824ec40ab86a3b6d4
0.0035503855906426907,0.007803852669894695,0.04314608871936798,True,78b4cb04b15f6a23fd6d7f28738bd473
0.061246924102306366,0.051736440509557724,0.20682094991207123,True,9d101d090afb70111148ea2da31fa919
0.06577839702367783,0.06603715568780899,0.24068580567836761,True,1c6003dfcfaa91f87195c7fd3d3cd244
0.11598706990480423,0.06749087572097778,0.2886143624782562,True,bb10f5d42a903294b64b0d2639445c55
0.0025647184811532497,0.0018846659222617745,0.020981093868613243,True,f3590a8101b877a421d209cbbad2418e
0.05997023358941078,0.04655562713742256,0.17346322536468506,True,1fe22072f96fe3f1f5554801a2023028
0.17790651321411133,0.10652774572372437,0.32425373792648315,True,eb7c2594a8ae6ba86f53746666868633
0.05687437206506729,0.03239833191037178,0.14771635830402374,True,8059007ebf690322006ddf1ec695d6c7
0.20159325003623962,0.10689529031515121,0.5770790576934814,True,210c841891fe849cc820137435880897
0.036832522600889206,0.0144286984577775,0.07415706664323807,True,e4d84fb02e1066d20d292611e65cac81
0.005382921546697617,0.00826799962669611,0.06999774277210236,True,5aaf04b6724590f981b0a67eea76d3bc
0.05283977836370468,0.04100220650434494,0.2179829627275467,True,c3b2c01a93d90e1cfdd6ca103caacc4b
0.08315572887659073,0.0751342847943306,0.2988887131214142,True,0950b182e122d6033910f51baf4d2347
0.12159162759780884,0.076442189514637,0.2777661681175232,True,260b0ac6abb2224aebdef9de93fa721a
0.19789549708366394,0.026827430352568626,0.2669912576675415,True,7e81851e2e396fe7e19cccd775cb3381
0.011334449984133244,0.01543603464961052,0.06895909458398819,True,233c403e0de9a656d9a8a958c1efc98c
0.1958712786436081,0.06432315707206726,0.3446842133998871,True,bb0b7c8ab338b4a137063bb2f88307bf
0.02982643060386181,0.019405778497457504,0.07443370670080185,True,772cb2cf2db224d0fc76993962495536
0.11607131361961365,0.09145978093147278,0.3721182644367218,True,c0826dc6ea2233168db0cf1b6a08931c
0.06807716190814972,0.049303218722343445,0.20921559631824493,True,71b919b2a8d9d7633c107765bf108847
0.1298212856054306,0.03502187505364418,0.20935477316379547,True,722f661040ba5269126acc3d6e374e65
0.14412154257297516,0.050969287753105164,0.3359964191913605,True,ed04ab0cfce99955f838a7278cbb996e
0.29616662859916687,0.10972578078508377,0.4669203460216522,True,44cfba1d6c3b3afa45af70321fe07337
0.06823207437992096,0.06357640027999878,0.3406326174736023,True,beadfe2fe134034de2a241d7061b7201
0.07186149805784225,0.042009659111499786,0.19131335616111755,True,bf44765437b1b2c532a08af7c2e70b99
0.23651254177093506,0.0744624212384224,0.39743098616600037,True,d3176c533c79b5bd6bec7bae12dbfbcd
0.06540215760469437,0.013614235445857048,0.11087415367364883,True,8fd39ad90ab7615bd186f6b13f7a8952
0.07271575182676315,0.03135186806321144,0.23382356762886047,True,7fb6ea8481e0796c06ea962def350431
0.19339661300182343,0.021551070734858513,0.22416813671588898,True,106db4e2905a92b81fcac61a6472936b
0.029336553066968918,0.023309752345085144,0.12013182789087296,True,c760344e311ec68913ae8fd76015d0cd
0.15724708139896393,0.050133783370256424,0.26856911182403564,True,fefa3ec030abdbcc805d66544a6ef2c9
0.044166628271341324,0.046652935445308685,0.26873791217803955,True,c9319ec41d4a87096d239c70896ff5b5
0.09808951616287231,0.046090394258499146,0.25292983651161194,True,9892d4d818fc7f8c07226f3516dc7992
0.09421957284212112,0.059994835406541824,0.31582242250442505,True,5ef7df93bd99d941f56265189b266033
0.014988786540925503,0.009351270273327827,0.050629038363695145,True,498b4b7d6290c9447bcabb3ae93faaaa
0.006091900635510683,0.009046663530170918,0.05825071036815643,True,85578b58293128aa571b82c7b8da0970
0.026639657095074654,0.04465949535369873,0.2849573791027069,True,6e34b98dce949b5c76ee5cd4618fb628
0.08187898248434067,0.09250322729349136,0.31124016642570496,True,52c99b34a8916c578e28f757b57e1cb6
0.0031009346712380648,0.003131911624222994,0.01975124329328537,True,17553987e851921205506cda20f4ab66
0.14271551370620728,0.06060053035616875,0.29875361919403076,True,541a35e01c20071203b326748931eae7
0.1421411633491516,0.057543881237506866,0.3545501232147217,True,c76aebafebf679d87ca2bf6ea406961c
0.022423766553401947,0.004655908327549696,0.030209776014089584,True,d691b2c13b92d53b69a1f4591a2bbf2f
0.0979369729757309,0.03612515330314636,0.21364519000053406,True,5df294bb05378f6ed03e43d0800aa55e
0.14803729951381683,0.0411621518433094,0.24008692800998688,True,48b2056904e48049a7000cac8dcc5eaf
0.07233135402202606,0.06127408519387245,0.3284485936164856,True,c425993653745d16c8f84b86375d3119
0.05559368431568146,0.03279870003461838,0.18228629231452942,True,2573a469e81a67465dd3df0981bb47c3
0.030883194878697395,0.019616801291704178,0.08417452126741409,True,9c3c6f6b1e0638b5d9b59598869f0d05
0.013925600796937943,0.01700500026345253,0.13763877749443054,True,9ef065978ea2ad24f62f73cc4cded901
0.27687686681747437,0.04148790240287781,0.41377007961273193,True,de103deb70a54bce6b2427d9b3f987da
0.1623852550983429,0.05637303367257118,0.3073612451553345,True,6ed1a428dcebdd84e3ae171c82f494c3
0.058979686349630356,0.044807013124227524,0.21017968654632568,True,c68d1875fbe904689782d814a7a95cf3
0.026853807270526886,0.009126242250204086,0.04910577833652496,True,5674284be51b209c46f73edf81637c92
0.022213570773601532,0.02370273508131504,0.1175040602684021,True,e783f831d73c7893073d1bc456d09586
0.1605476438999176,0.039724018424749374,0.2289007306098938,True,34f4aca412b0292ddcf582a873fff2ad
0.019969936460256577,0.041280459612607956,0.25806283950805664,True,0fcca999179649dc5e8c0e7fdd8fced0
0.17788057029247284,0.08817433565855026,0.3969792127609253,True,37085a57e94fa47d49165b7fdaec70e8
0.06447548419237137,0.06520748138427734,0.2886528968811035,True,71e9e35385d1cffbbea56681a275473e
0.07964223623275757,0.02532096579670906,0.13917502760887146,True,d18e30cdf32369fc4825b3fb4b70249b
0.1434832662343979,0.042147375643253326,0.24646267294883728,True,78cc1661409e0827bca7a81c53951140
0.03930656239390373,0.0389450378715992,0.20618386566638947,True,2834cf84d9103b6f67b46d1a0cce3852
0.1410154551267624,0.03278762102127075,0.2083795964717865,True,48fce47066cee6f4ecaa05f6bd74696b
0.16287387907505035,0.04786994680762291,0.28594088554382324,True,7228a3396b3cadce6ce4bfce0645be90
0.21847182512283325,0.09985455125570297,0.5042967796325684,True,91f93cb4390c81d15bc6af2d6c7d03b7
0.06821352243423462,0.05462358891963959,0.2304486334323883,True,5687d615b581d7c272ea849ae1e0f869
0.09547542780637741,0.019812310114502907,0.1316443681716919,True,c5dc2c259e04f5dd361730aa08c4252d
0.06745870411396027,0.05710221081972122,0.24426116049289703,True,fc8c4fd83f08e159d8e75d82288e1631
0.12064294517040253,0.04733689874410629,0.2747257947921753,True,60b5a27dbd1126f7716f6100a1a730da
0.10202249139547348,0.023416096344590187,0.16003011167049408,True,3338a508cf8f5ac1d5329a26317d534b
0.052386585623025894,0.022654768079519272,0.10783711820840836,True,155c4abaa6d3212d819bcc7b533e1da2
0.07105500251054764,0.0634598582983017,0.31680312752723694,True,8d5d0249031186e7d3b246033beb0819
0.12068266421556473,0.05694932863116264,0.241616889834404,True,d44d1d98f55838a9f780cc27978d75ef
0.19211556017398834,0.030378073453903198,0.24216988682746887,True,ca6e091355ebd1da8001f1d164f86b26
0.0945676863193512,0.10302785784006119,0.4483031928539276,True,99ce95e9468679f463c0216ad7521117
0.017354691401124,0.003995462786406279,0.04295838624238968,True,0fba884b6838e83e767ba79733c6def9
0.11550310999155045,0.046835023909807205,0.23629702627658844,True,4a2e7e88f21bfa9ee8b0bc58972fa56f
0.06258973479270935,0.033549029380083084,0.1880456805229187,True,62acdbc44dc86a463cfa459c0bbd0307
0.050046056509017944,0.03428694233298302,0.18788661062717438,True,d39ab4ccd9f13263d670f2afe1bd2690
0.1352139562368393,0.025992874056100845,0.171530082821846,True,72eb88355f7d3e733d9bcc667819196d
0.20036804676055908,0.05354536324739456,0.3238973021507263,True,70fe270f7c1a0efe6b3be75c518b56e1
0.09784475713968277,0.052481602877378464,0.23840612173080444,True,075a60bf87b37075e6bdf024dfb4bbee
0.016181107610464096,0.005007946398109198,0.03591116517782211,True,893a123bbea958f74685f64b30a6ffd8
0.027826454490423203,0.015292408876121044,0.06907576322555542,True,02a7f40b7c7da9b2a68cb0f7911a0929
0.13579457998275757,0.07621143758296967,0.2969003915786743,True,7e3631452dc57a39396de53673379df7
0.01678326725959778,0.009322503581643105,0.051342692226171494,True,75e1134ed32fe8b29e39285fec24652c
0.0763973817229271,0.029143599793314934,0.1949699968099594,True,931857d16d893b101db8304b46fb35f4
0.11551456898450851,0.0837312564253807,0.2669104337692261,True,248f6ce67f3070180f1ea6af5b49d92f
0.17290550470352173,0.06553314626216888,0.36794787645339966,True,f21ab6c575acd5c34bc05912ea8855c0
0.055202603340148926,0.055350832641124725,0.24920342862606049,True,d6853748869f9cfefda0019e3c46c1e9
0.03132001683115959,0.04601142182946205,0.1851329654455185,True,2118feb2d39b5dbed6ac6714cdd9e32e
0.17384707927703857,0.07901198416948318,0.3685091733932495,True,3e1acfcba734868c7a7209311cfe774a
0.08597984164953232,0.06074053794145584,0.2637964189052582,True,271624e70b3320b5986cc8688fd1e9b0
0.08307143300771713,0.094806969165802,0.3675401210784912,True,4c8ac70629ff4837e35b800824ce9cee
0.011793265119194984,0.020427009090781212,0.1481405347585678,True,345cf90c48db2d85efa81de9a3af909e
0.13221587240695953,0.06204705312848091,0.3015909194946289,True,b8e0a552930546a2473ccfa879b40d9f
0.027702221646904945,0.022706300020217896,0.10080885887145996,True,22a95d940c75ca5fc8a78bbeff499c7a
0.004350894130766392,0.010845880024135113,0.0795709490776062,True,59900bf506d4f73e61e895c2113920e8
0.16661816835403442,0.06783054023981094,0.3152227997779846,True,7f27328f7fe65380f5b4d4d8dd6d8884
0.05101742222905159,0.043466828763484955,0.20752617716789246,True,e8064d8ec0f4029a35479e5d248d7df1
0.042058657854795456,0.02178940922021866,0.1245153397321701,True,3b7e38d60d1c8d3f688429d66c2278a7
0.17078503966331482,0.10865246504545212,0.3785132169723511,True,0a9974e8a5056f88dc08d18fe877fc62
0.08338546007871628,0.05183347314596176,0.24512691795825958,True,30fd423fb442146d2827a0a736cb3d05
0.24024032056331635,0.08317860215902328,0.43878304958343506,True,335c169849e57675cf699a390bde179f
0.3251771330833435,0.05235859751701355,0.41719144582748413,True,0c76c12e652b26ca2cbf3600efb8ea80
0.005828877445310354,0.008301645517349243,0.05377348139882088,True,0f8d0e51c889bddeb296e5a1d57b6c0c
0.03606287017464638,0.050200529396533966,0.22992846369743347,True,08cf0ebce5e5d2a54b3ea7a2322933d8
0.08441808819770813,0.07460367679595947,0.3420180380344391,True,e8b81850b99592fa2d8fa2246b77397a
0.16041454672813416,0.09390765428543091,0.3413636088371277,True,377d18eacf40192d96929c5904e73f27
0.03530072793364525,0.04715372994542122,0.25871503353118896,True,6f90b90029590667bfefee09e07c173b
0.02412417344748974,0.02183188498020172,0.13412025570869446,True,375cac298ad1e6b7148684e6bb501634
0.08001713454723358,0.05007755756378174,0.2226591557264328,True,b55d0b59856683e8164a0e5738497609
0.0729774609208107,0.05346151068806648,0.19043764472007751,True,72c65cee3d8c7f84c17b53b62b4832df
0.07144815474748611,0.050517868250608444,0.22997787594795227,True,cec7a9c3d3b4049ffb1028596fb10463
0.05270431935787201,0.04667440429329872,0.2149699628353119,True,48fcde9e29f6039d222adc5376821a6d
0.017718080431222916,0.0030632626730948687,0.027913304045796394,True,29e3cb32284734d15384a589d6a32d36
0.08666427433490753,0.0296347476541996,0.16150492429733276,True,7efe019a168431c2814364c58dddd03c
0.10097520798444748,0.057911038398742676,0.28495901823043823,True,2bae9b63584c3ca15f5161912820d48c
0.2355605959892273,0.04186653718352318,0.320910781621933,True,75fc4ef0050106dd09f7e45fa319b4d8
0.06586502492427826,0.018463613465428352,0.117288738489151,True,e7c3f4ff5bc7f26660e5562af80d5cd6
0.15819409489631653,0.05867266282439232,0.31739452481269836,True,eb97336e68109c4aacc3862a48a321eb
0.151803657412529,0.07750624418258667,0.41865435242652893,True,23da4c0696118be78c53ed8c771c20cc
0.06797153502702713,0.042106494307518005,0.2655496895313263,True,89489d5415695007e6b8c05bb03e10dd
0.17568112909793854,0.05912403762340546,0.3215736448764801,True,a35c95f90349ebb49b0c46fc9bc67aaf
0.0581362321972847,0.033505767583847046,0.26086699962615967,True,037966173df78db7d3d232022b5fcc8c
0.09056602418422699,0.06728960573673248,0.28677797317504883,True,c4750e91dfabde04e46deb5aedca8ab4
0.20471377670764923,0.05372954532504082,0.289277583360672,True,2f1d742bd1071435351e23b8b1a49154
0.06584268063306808,0.08326595276594162,0.2787424921989441,True,4227f351df4c097a912ecf9391ee947e
0.18258099257946014,0.03416813537478447,0.27042514085769653,True,3bdab9ed556b37e06e67c391de328323
0.12781405448913574,0.04311962425708771,0.2167007029056549,True,9b0dd3e30d2a9259f705c065a984ec03
0.12649591267108917,0.09181918203830719,0.3929445445537567,True,cba5e6f8d224dcc150b8f63ce722e727
0.15132339298725128,0.03223297744989395,0.2595299184322357,True,c5fa8162e5c5dd1aabae6cda878330b0
0.14328691363334656,0.08208214491605759,0.2974643111228943,True,1b44f748c73f996a3c795e678d15304a
0.01686706393957138,0.023589693009853363,0.14280110597610474,True,05086e1237df9412b3f480131f4c96df
0.008887043222784996,0.011846157722175121,0.05299409478902817,True,fee345b04cc80ced512f615a1cd3c0bf
0.09293844550848007,0.04897327721118927,0.24170774221420288,True,4b502dc83501b785562973d53ab85e88
0.03867403045296669,0.03610428422689438,0.15922267735004425,True,7430e736b6cd7fc710d1e895367547ef
0.10426312685012817,0.09835288673639297,0.3763260543346405,True,556deb96d0f5671c570f3d8187792efe
0.1908491998910904,0.06807393580675125,0.3113871216773987,True,ed2346926b3fa7222c681554829f2549
0.1758117526769638,0.11585166305303574,0.41768473386764526,True,71132272bf080862424cba23d74ec12e
0.047183211892843246,0.025965116918087006,0.1347995400428772,True,bd16b59f8840cd0bea91c4668e624d9c
0.0354754775762558,0.022758422419428825,0.11779236048460007,True,c258abd5ab7c595fe7f2e395ab38e04c
0.002612530952319503,0.003529549576342106,0.01977331005036831,True,53ac40d0f4f563fb0d1526d0ed2ad215
0.20368972420692444,0.15361732244491577,0.5511055588722229,True,c70d7775ec960c474832a6dcd9e9c1a8
0.06288079172372818,0.018909329548478127,0.09291915595531464,True,823b166791c34b0f2f3db93c3e43b3b5
0.12263026833534241,0.06202763691544533,0.2430029809474945,True,8834603ae40f92221b9462323cf74297
0.057335447520017624,0.02247720956802368,0.1199171245098114,True,3bc93970ef8abc9c832143db8d8053a7
0.06473060697317123,0.037216756492853165,0.15105529129505157,True,7810efe7e410d9094131b278d0fc2c4b
0.08123180270195007,0.05928889662027359,0.24875539541244507,True,477217aa9193f19b400f2432d4242f87
0.09744664281606674,0.0655684545636177,0.310784250497818,True,ad639d8f063ffedecf7c5069a02aee9e
0.03040158376097679,0.054009079933166504,0.2745125889778137,True,c8779a53e87e78baf1f8786261d39c9b
0.0765594020485878,0.03535153344273567,0.19992884993553162,True,fcfbe007409fc0bc384d15930f6a0e6b
0.07067381590604782,0.041376616805791855,0.21098724007606506,True,84c5619b4ff65e02be77478e5d9a8a7c
0.14147797226905823,0.06485618650913239,0.3268263638019562,True,f352c0f1e61e42a4b6f17ae913dbc09a
0.07205222547054291,0.027012016624212265,0.15165595710277557,True,8b22729d8c15a152c361e7e24db27648
0.015458821319043636,0.014959588646888733,0.1438373476266861,True,496bec142efc73cc82541f5a3be280fa
0.21569176018238068,0.10718517750501633,0.42134055495262146,True,5790f74a2fd744c4415c1e3dcc23db2d
0.15342697501182556,0.05056040734052658,0.2620631754398346,True,1107be27b50de77d43d100ad4f0bd724
0.10092795640230179,0.08181114494800568,0.3003922700881958,True,42a83991b392fabd111d353e6bd7b79d
0.05442473292350769,0.011618001386523247,0.0851287990808487,True,6ce927e97176b49138b6e43ed2a61103
0.06360647827386856,0.02242281287908554,0.1404763162136078,True,627b721f60bce67d8f2df6787da46d37
0.07624682039022446,0.04280141741037369,0.21268266439437866,True,260179bcc0e4ad9fede7f9bc44496e8e
0.09177590161561966,0.054859552532434464,0.23037874698638916,True,9ccc5a7457c7f3cde59a7cfbd3848357
0.0068789334036409855,0.006180821917951107,0.02501479908823967,True,b6dc06cdc1d342f79d66b5843707a69a
0.2758010923862457,0.04647155478596687,0.37971821427345276,True,2f94df0fdf034682bb16d7a42d3161dc
0.19024083018302917,0.05748128518462181,0.31049013137817383,True,860982292b3062e82cb78bc7be48c5dc
0.01418698113411665,0.008051669225096703,0.03502953425049782,True,6b249ba57dbd1866470241e481214ad1
0.1272657811641693,0.07636266946792603,0.34817779064178467,True,66368aa52ca14629863bb8a08ad9535a
0.0390089713037014,0.04543675482273102,0.21517910063266754,True,934e0666f003a0e4455cdd6e7d5a64c8
0.018191279843449593,0.00775327580049634,0.03011929616332054,True,01292eb4bdfa8c10c1ce46f1651ac1d7
0.05856796354055405,0.04058101400732994,0.207992821931839,True,432da0e0ef3649be3a8436fb10a2ada4
0.13870881497859955,0.04382394626736641,0.24250715970993042,True,9781c348d1ffc5d9eb5a9eae1d3f7acf
0.18034593760967255,0.08746766299009323,0.41449493169784546,True,4fbc8761847cb75e82cfb229bef928f6
0.008836135268211365,0.0039915163069963455,0.023078128695487976,True,d3beb59a2360c6adf80b0ca9e2b287bb
0.1874174326658249,0.06912916898727417,0.3561782240867615,True,1e157c2baca946e8b531b4ba111bf25c
0.016181420534849167,0.02677096612751484,0.23067648708820343,True,b99ca82bb72e9d1f6ea94cd82b403377
0.009887558408081532,0.0037540567573159933,0.018460793420672417,True,d6afe22188174462283ae505c9b994af
0.23109443485736847,0.11653292179107666,0.4414513111114502,True,17780c234b24c2b0e878958e4dd979ff
0.19318822026252747,0.0704445093870163,0.35063308477401733,True,1b3ec7807732b0d8a11bc0027f4d1775
0.15490737557411194,0.07152263820171356,0.34334513545036316,True,cd7aa1021e43d9facafc939d14c4412b
0.05239005386829376,0.020063893869519234,0.12444961816072464,True,332141d1a06a721c93b120d974b0dea1
0.023075222969055176,0.024869736284017563,0.10781854391098022,True,a11af7d4353938d93e1eeb84aa064bad
0.02511349692940712,0.02620215155184269,0.13605183362960815,True,2f85a95d9c2259eb98c02ade1f78f527
0.07436351478099823,0.046768251806497574,0.21296627819538116,True,d0dfcac2c4790fbaa053b9d41de7d00f
0.04862739518284798,0.050344888120889664,0.2649462819099426,True,7ac274252d9b4976bf1b00ba0fa48f3c
0.03697245195508003,0.023120274767279625,0.12457229197025299,True,6f295a3c8bb46eb2cd22dd7bbc268314
0.11412522196769714,0.06789204478263855,0.31046992540359497,True,00844f47fee5240d339b0bb16ddc4a31
0.16981962323188782,0.05031387507915497,0.26109740138053894,True,504e1ba3719fa1dd3f7da51437f735e3
0.04809029400348663,0.025286510586738586,0.11543392390012741,True,f8d8a44d90354f04eea703f3326d8cdf
0.024811401963233948,0.015535452403128147,0.07559575140476227,True,0f7b8bba7fe858d8ea423047171b6c95
0.07793387025594711,0.05385380610823631,0.20214885473251343,True,f8b4eecf6d8ad2770c9c61fadb842b60
0.01048845611512661,0.007355953566730022,0.03951062634587288,True,22acd4e2c1ea0a07095890d9ea1b66aa
0.17768868803977966,0.05265074968338013,0.300607830286026,True,0340ca8202caf9fd5a71f731244a1eb3
0.1932104378938675,0.034372229129076004,0.2902112901210785,True,3aaab1dac47ac0acb007e0bdc66b3256
0.23325318098068237,0.07012197375297546,0.5158488750457764,True,aeac43c41e860055602336b22f1bd9b1
0.08358224481344223,0.03748946264386177,0.24494390189647675,True,6e344158c96afccda0b2dd4e1b69f6b2
0.1299305409193039,0.0819367915391922,0.36507946252822876,True,a612b7d3b8d8263f3387e5a35f0408af
0.19019381701946259,0.0701107531785965,0.423750638961792,True,0eb09ed36c7b4edbb73654505f874821
0.07153527438640594,0.05404016003012657,0.22760315239429474,True,1204061d75b5f7ab3a5723fe17323d5d
0.1343490332365036,0.04161667451262474,0.24734927713871002,True,94dcf82e2be14e0a61dabdd558812040
0.06894535571336746,0.05816816911101341,0.2673739194869995,True,3570bcad01bfa55b7f262bd80d026c31
0.0598394051194191,0.058546748012304306,0.20917245745658875,True,5f897c8faccc789d9d51622b3c23a145
0.1614479124546051,0.04626142233610153,0.29350146651268005,True,f4c2c5c768744238208a4f513e7df153
0.10078362375497818,0.028584418818354607,0.17083391547203064,True,88fc02ba0bdc3bc5cc835ba31e251b9a
0.004246918950229883,0.002821879228577018,0.014059026725590229,True,1d88d6793969b00cf11322c61b2a41a5
0.15290537476539612,0.10703060775995255,0.537954568862915,True,09d1570df3d83003b901321e3afc558a
0.007417262066155672,0.002951421309262514,0.022200986742973328,True,c852bea363432f477fc2ee1bce0c7e64
0.01564214564859867,0.005033356137573719,0.033295512199401855,True,c7d485c0b3386305317117212723f64c
0.035304006189107895,0.0349096842110157,0.16179077327251434,True,8e43c587cea73b8dd30e273d4a78145a
0.2542884945869446,0.06568386405706406,0.38993117213249207,True,a0f629da059e30cdc59238e543e99f85
0.08566109836101532,0.06686709076166153,0.2754132151603699,True,02fe5c0dc461182f3de6a8b03a0e257e
0.1788809448480606,0.04960751160979271,0.285574346780777,True,441dd3ac227537125e19bfab169c17ab
0.1316709816455841,0.03480759635567665,0.22261089086532593,True,4afab7e85af1829c06eaccc642fc285d
0.07545231282711029,0.011831854470074177,0.0962543785572052,True,7c92ba0afeec5ec752b0187a7a2d6fe7
0.12131387740373611,0.06887387484312057,0.2504703998565674,True,b469aa8f6dc95f0967975794a71a502b
0.023097829893231392,0.0074156043119728565,0.04541805759072304,True,19a61313554a41b7c2fbac6d2bbe9788
0.003534169401973486,0.005474714562296867,0.043723080307245255,True,face83a356b2fb909a46d447fdd9d33b
0.05488952249288559,0.053383372724056244,0.25054043531417847,True,0882f8cd2cfe051d7ce97e42d9be051a
0.056001123040914536,0.06080210581421852,0.2259756475687027,True,9d763f33c5f2f019376e90a795209a03
0.034262463450431824,0.04933525249361992,0.2031388133764267,True,21142abdb32e9e917b545371cac0da3a
0.046172041445970535,0.04038793966174126,0.1747381091117859,True,94082762d9055606d0911321c0b27a70
0.16713809967041016,0.10444637387990952,0.49881190061569214,True,35d536e2f98329d2be67e85bea37b664
0.19439424574375153,0.12394824624061584,0.7043858766555786,True,366577004cd67452e9d2e4755ca2d725
0.0037720240652561188,0.0013845349894836545,0.00986473448574543,True,37a7acaecbac0d0f1feb421a32df969f
0.08452054113149643,0.05128132924437523,0.22785869240760803,True,3d21af0433f1391729599a01c82978f2
0.06622769683599472,0.06417809426784515,0.29912883043289185,True,30211164353eefba7da458ff778365b7
0.13170884549617767,0.05960269272327423,0.2683235704898834,True,5badd30b691fc387b2e0cdf6bf64fa57
0.19437481462955475,0.061806634068489075,0.31668493151664734,True,fda8e7e4485d6a349576da5251a018da
0.08848065882921219,0.08013417571783066,0.33606067299842834,True,d36eb48d574ff9dabc3473c15ca291a1
0.05474338307976723,0.0295408982783556,0.1703789234161377,True,72a62021e01498d7d721602ea05cbe10
0.06472085416316986,0.06078342720866203,0.3020681142807007,True,887c8711cf2eca12bbeceaee211c6dac
0.09060221910476685,0.06692841649055481,0.3053201735019684,True,d1a3b32bdfb78164a3998ac83efd0f99
0.21452383697032928,0.06574433296918869,0.3877687454223633,True,f6b472a83cf33bcec2cb0bbdec161ea5
0.07105880975723267,0.04413507506251335,0.306496798992157,True,908862170491370300ee3ae6bb3cd110
0.21258459985256195,0.07009407132863998,0.3374673128128052,True,2448ef872d5461de4a65fd52e03856f3
0.010908246040344238,0.01465512439608574,0.08603647351264954,True,e251e3080cdffd46482fed1a4c54f50f
0.1646323949098587,0.08492878824472427,0.3508293628692627,True,f25dd436065256e535d08dcb83d49467
0.05236959084868431,0.022610655054450035,0.12179898470640182,True,52cd2d64bceec44031c83000a2cfb0ee
0.08848191052675247,0.03750944882631302,0.1993260532617569,True,efbb291d9713745f755b36efb21921f6
0.3017612397670746,0.055996671319007874,0.504462718963623,True,00a38377e393ebf9ef32bf0ad3dbb514
0.09254954755306244,0.06617444008588791,0.27047574520111084,True,1af30bbec6c4b34cfe4fd2f8afcfecf5
0.10033013671636581,0.010843800380825996,0.12991121411323547,True,244a39500254b99866473d26c5f30cdb
0.047529950737953186,0.05873391404747963,0.2053709626197815,True,a3542442f67495092898de66f524a00d
0.15718023478984833,0.048265278339385986,0.27852797508239746,True,ee9007eda2cd67419adf04281240ad96
0.0473046749830246,0.012503666803240776,0.07829393446445465,True,57a94e053e6fa04c2c296fa162a4f256
0.1448689103126526,0.0848371833562851,0.3446952998638153,True,f660815aae5c7d62b356a3872ca466d6
0.053067732602357864,0.03565683215856552,0.1710149645805359,True,a456b9b327e667e6db1a52f56aef28d8
